{
  "methodology": {
    "model": "Bayesian hierarchical Dirichlet-Multinomial with Beta prior on JEE integration rate",
    "references": [
      "Linzer, D. (2013) JASA — Dynamic Bayesian Forecasting of Presidential Elections",
      "Cohn, N. (NYT) — Election Needle methodology",
      "Gelman & Hill (2007) — Multilevel Hierarchical Models",
      "AP Elections Research — Race Call protocol"
    ],
    "n_simulations": 10000,
    "seed_base": 20260417,
    "seed_offsets": {
      "pesimista": 1,
      "central": 2,
      "optimista": 3,
      "mix": 4,
      "hist_central": 5
    }
  },
  "estado_actual": {
    "sanchez": 1881625,
    "rla": 1875852,
    "margen": 5773,
    "actas_fuera": 6338,
    "votos_fuera_estimado": 1073620
  },
  "escenarios": {
    "pesimista": {
      "beta_params": {
        "a": 2.0,
        "b": 5.0,
        "mean_integration": 0.2857142857142857
      },
      "p_rla_supera_sanchez": 0.3652,
      "p_sanchez_mantiene": 0.6348,
      "margen_final": {
        "p5": -22148.54233355273,
        "p25": -5288.57214316976,
        "p50": 5318.235925067798,
        "p75": 14789.141833875794,
        "p95": 26087.314688073126,
        "mean": 4111.779493446827,
        "std": 14737.91293810568
      }
    },
    "central": {
      "beta_params": {
        "a": 5.0,
        "b": 5.0,
        "mean_integration": 0.5
      },
      "p_rla_supera_sanchez": 0.4234,
      "p_sanchez_mantiene": 0.5766,
      "margen_final": {
        "p5": -20251.914100015118,
        "p25": -7054.02428939013,
        "p50": 2815.244436014327,
        "p75": 12320.040102449653,
        "p95": 25050.10920354574,
        "mean": 2607.2937731191105,
        "std": 13805.837783401881
      }
    },
    "optimista": {
      "beta_params": {
        "a": 5.0,
        "b": 2.0,
        "mean_integration": 0.7142857142857143
      },
      "p_rla_supera_sanchez": 0.4911,
      "p_sanchez_mantiene": 0.5089,
      "margen_final": {
        "p5": -20417.444113018155,
        "p25": -9238.921389722906,
        "p50": 303.0081421926152,
        "p75": 11131.830091892509,
        "p95": 27664.5269977404,
        "mean": 1538.2785157938906,
        "std": 14683.994760792762
      }
    }
  },
  "escenario_mixto": {
    "descripcion": "Mezcla uniforme de pesimista/central/optimista (máxima incertidumbre sobre tasa JEE)",
    "p_rla_supera_sanchez": 0.43174317431743175,
    "p_sanchez_mantiene": 0.5682568256825682,
    "margen_final": {
      "p5": -20984.472478017793,
      "p25": -7720.704727329779,
      "p50": 2622.160660665715,
      "p75": 12616.60197705729,
      "p95": 25416.789850130957,
      "mean": 2438.624663806748,
      "std": 14315.53351632341
    }
  },
  "regiones_pivote": [
    {
      "region": "Lima",
      "actas_fuera": 1449,
      "votos_fuera": 302146,
      "share_sanch": 0.0327,
      "share_rla": 0.1993,
      "delta_esperado": -50360.0
    },
    {
      "region": "Extranjero",
      "actas_fuera": 804,
      "votos_fuera": 98906,
      "share_sanch": 0.025,
      "share_rla": 0.2596,
      "delta_esperado": -23202.0
    },
    {
      "region": "Cajamarca",
      "actas_fuera": 240,
      "votos_fuera": 36562,
      "share_sanch": 0.417,
      "share_rla": 0.0324,
      "delta_esperado": 14063.0
    },
    {
      "region": "Cusco",
      "actas_fuera": 352,
      "votos_fuera": 62140,
      "share_sanch": 0.2203,
      "share_rla": 0.049,
      "delta_esperado": 10646.0
    },
    {
      "region": "Huánuco",
      "actas_fuera": 212,
      "votos_fuera": 31165,
      "share_sanch": 0.2944,
      "share_rla": 0.0598,
      "delta_esperado": 7310.0
    },
    {
      "region": "Puno",
      "actas_fuera": 105,
      "votos_fuera": 20151,
      "share_sanch": 0.2482,
      "share_rla": 0.0192,
      "delta_esperado": 4615.0
    },
    {
      "region": "San Martín",
      "actas_fuera": 162,
      "votos_fuera": 24966,
      "share_sanch": 0.2378,
      "share_rla": 0.0589,
      "delta_esperado": 4467.0
    },
    {
      "region": "Ayacucho",
      "actas_fuera": 92,
      "votos_fuera": 13759,
      "share_sanch": 0.3129,
      "share_rla": 0.0274,
      "delta_esperado": 3929.0
    },
    {
      "region": "Huancavelica",
      "actas_fuera": 65,
      "votos_fuera": 8849,
      "share_sanch": 0.4338,
      "share_rla": 0.0235,
      "delta_esperado": 3631.0
    },
    {
      "region": "Áncash",
      "actas_fuera": 257,
      "votos_fuera": 40249,
      "share_sanch": 0.1494,
      "share_rla": 0.0602,
      "delta_esperado": 3588.0
    }
  ],
  "histograma_central": [
    {
      "center": -45141.41630433853,
      "count": 1
    },
    {
      "center": -42736.48771378152,
      "count": 0
    },
    {
      "center": -40331.55912322452,
      "count": 1
    },
    {
      "center": -37926.63053266752,
      "count": 10
    },
    {
      "center": -35521.701942110514,
      "count": 7
    },
    {
      "center": -33116.773351553515,
      "count": 24
    },
    {
      "center": -30711.844760996515,
      "count": 44
    },
    {
      "center": -28306.91617043951,
      "count": 54
    },
    {
      "center": -25901.98757988251,
      "count": 83
    },
    {
      "center": -23497.058989325502,
      "count": 120
    },
    {
      "center": -21092.130398768502,
      "count": 139
    },
    {
      "center": -18687.201808211503,
      "count": 215
    },
    {
      "center": -16282.273217654498,
      "count": 272
    },
    {
      "center": -13877.344627097496,
      "count": 365
    },
    {
      "center": -11472.416036540493,
      "count": 422
    },
    {
      "center": -9067.48744598349,
      "count": 486
    },
    {
      "center": -6662.5588554264905,
      "count": 585
    },
    {
      "center": -4257.630264869487,
      "count": 617
    },
    {
      "center": -1852.701674312484,
      "count": 682
    },
    {
      "center": 552.2269162445191,
      "count": 720
    },
    {
      "center": 2957.1555068015223,
      "count": 663
    },
    {
      "center": 5362.084097358522,
      "count": 669
    },
    {
      "center": 7767.012687915525,
      "count": 628
    },
    {
      "center": 10171.941278472528,
      "count": 585
    },
    {
      "center": 12576.869869029528,
      "count": 502
    },
    {
      "center": 14981.798459586531,
      "count": 475
    },
    {
      "center": 17386.727050143534,
      "count": 363
    },
    {
      "center": 19791.655640700534,
      "count": 324
    },
    {
      "center": 22196.584231257533,
      "count": 285
    },
    {
      "center": 24601.51282181454,
      "count": 224
    },
    {
      "center": 27006.441412371547,
      "count": 142
    },
    {
      "center": 29411.370002928546,
      "count": 107
    },
    {
      "center": 31816.298593485546,
      "count": 76
    },
    {
      "center": 34221.227184042546,
      "count": 57
    },
    {
      "center": 36626.15577459955,
      "count": 22
    },
    {
      "center": 39031.08436515656,
      "count": 16
    },
    {
      "center": 41436.01295571356,
      "count": 8
    },
    {
      "center": 43840.94154627056,
      "count": 6
    },
    {
      "center": 46245.87013682756,
      "count": 0
    },
    {
      "center": 48650.798727384565,
      "count": 1
    }
  ]
}