{
  "method": "Mebane 2006 / Beber-Scacco 2012 last-digit uniformity test",
  "granularity": "regional (26 departamentos Perú)",
  "sample_filter": "counts >= 10 (two digits minimum)",
  "significance": "alpha=0.05, bilateral",
  "candidates": {
    "Fujimori": {
      "n": 26,
      "observed_counts": [
        0,
        4,
        1,
        5,
        3,
        4,
        1,
        4,
        2,
        2
      ],
      "expected_count_per_digit": 2.6,
      "chi2": 9.384615384615383,
      "chi2_p_value": 0.40255446569153086,
      "mean_last_digit": 4.653846153846154,
      "z_mean_last_digit": 0.27311549679956815,
      "p_mean_last_digit": 0.7847644347038187,
      "round_digit_fraction": 0.15384615384615385,
      "z_round_digits": -0.5883484054145521,
      "p_round_digits": 0.5562984612747348,
      "verdict": "CONFORME"
    },
    "López Aliaga (RLA)": {
      "n": 26,
      "observed_counts": [
        2,
        1,
        5,
        2,
        3,
        1,
        5,
        1,
        3,
        3
      ],
      "expected_count_per_digit": 2.6,
      "chi2": 7.846153846153846,
      "chi2_p_value": 0.549721618134273,
      "mean_last_digit": 4.6923076923076925,
      "z_mean_last_digit": 0.3413943709994598,
      "p_mean_last_digit": 0.732806712142033,
      "round_digit_fraction": 0.11538461538461539,
      "z_round_digits": -1.0786387432600122,
      "p_round_digits": 0.2807488029481551,
      "verdict": "CONFORME"
    },
    "Nieto": {
      "n": 26,
      "observed_counts": [
        2,
        2,
        1,
        2,
        4,
        3,
        4,
        2,
        3,
        3
      ],
      "expected_count_per_digit": 2.6,
      "chi2": 3.2307692307692304,
      "chi2_p_value": 0.9544385472639344,
      "mean_last_digit": 5.0,
      "z_mean_last_digit": 0.8876253645985945,
      "p_mean_last_digit": 0.3747423050941059,
      "round_digit_fraction": 0.19230769230769232,
      "z_round_digits": -0.09805806756909201,
      "p_round_digits": 0.9218861842322925,
      "verdict": "CONFORME"
    },
    "Belmont": {
      "n": 26,
      "observed_counts": [
        2,
        3,
        1,
        2,
        3,
        3,
        7,
        0,
        3,
        2
      ],
      "expected_count_per_digit": 2.6,
      "chi2": 11.692307692307693,
      "chi2_p_value": 0.23121649773399647,
      "mean_last_digit": 4.6923076923076925,
      "z_mean_last_digit": 0.3413943709994598,
      "p_mean_last_digit": 0.732806712142033,
      "round_digit_fraction": 0.19230769230769232,
      "z_round_digits": -0.09805806756909201,
      "p_round_digits": 0.9218861842322925,
      "verdict": "CONFORME"
    },
    "Sánchez": {
      "n": 26,
      "observed_counts": [
        2,
        3,
        3,
        1,
        3,
        4,
        6,
        0,
        1,
        3
      ],
      "expected_count_per_digit": 2.6,
      "chi2": 10.153846153846153,
      "chi2_p_value": 0.33817474929722746,
      "mean_last_digit": 4.423076923076923,
      "z_mean_last_digit": -0.1365577483997833,
      "p_mean_last_digit": 0.891380375435431,
      "round_digit_fraction": 0.23076923076923078,
      "z_round_digits": 0.39223227027636803,
      "p_round_digits": 0.6948866023724733,
      "verdict": "CONFORME"
    }
  },
  "pooled_all_candidates": {
    "n": 130,
    "observed_counts": [
      8,
      13,
      11,
      12,
      16,
      15,
      23,
      7,
      12,
      13
    ],
    "expected_count_per_digit": 13.0,
    "chi2": 13.846153846153847,
    "chi2_p_value": 0.12790403956312263,
    "mean_last_digit": 4.6923076923076925,
    "z_mean_last_digit": 0.763381020690575,
    "p_mean_last_digit": 0.44523619546039095,
    "round_digit_fraction": 0.17692307692307693,
    "z_round_digits": -0.6577935144802719,
    "p_round_digits": 0.5106708223861567,
    "verdict": "CONFORME"
  },
  "finding": {
    "id": "M1",
    "severity": "INFO",
    "description": "Último dígito de vote counts regional conforme a uniforme",
    "suspects": [],
    "caveat": "n=26 por candidato, poder estadístico limitado. Un resultado 'CONFORME' no descarta manipulación a otras escalas (mesa, acta). Pedido formal de data mesa-a-mesa necesario."
  }
}