{
  "method": "Mebane 2006 / Beber-Scacco 2012 last-digit uniformity test",
  "granularity": "regional (26 departamentos Perú)",
  "sample_filter": "counts >= 10 (two digits minimum)",
  "significance": "alpha=0.05, bilateral",
  "candidates": {
    "Fujimori": {
      "n": 26,
      "observed_counts": [
        0,
        3,
        1,
        6,
        2,
        4,
        1,
        3,
        2,
        4
      ],
      "expected_count_per_digit": 2.6,
      "chi2": 10.923076923076922,
      "chi2_p_value": 0.28101851776997044,
      "mean_last_digit": 5.0,
      "z_mean_last_digit": 0.8876253645985945,
      "p_mean_last_digit": 0.3747423050941059,
      "round_digit_fraction": 0.15384615384615385,
      "z_round_digits": -0.5883484054145521,
      "p_round_digits": 0.5562984612747348,
      "verdict": "CONFORME"
    },
    "López Aliaga (RLA)": {
      "n": 26,
      "observed_counts": [
        1,
        1,
        5,
        4,
        2,
        1,
        6,
        1,
        2,
        3
      ],
      "expected_count_per_digit": 2.6,
      "chi2": 11.692307692307692,
      "chi2_p_value": 0.23121649773399694,
      "mean_last_digit": 4.6923076923076925,
      "z_mean_last_digit": 0.3413943709994598,
      "p_mean_last_digit": 0.732806712142033,
      "round_digit_fraction": 0.07692307692307693,
      "z_round_digits": -1.5689290811054721,
      "p_round_digits": 0.11666446478102355,
      "verdict": "CONFORME"
    },
    "Nieto": {
      "n": 26,
      "observed_counts": [
        3,
        2,
        1,
        0,
        5,
        4,
        4,
        2,
        3,
        2
      ],
      "expected_count_per_digit": 2.6,
      "chi2": 7.846153846153846,
      "chi2_p_value": 0.549721618134273,
      "mean_last_digit": 4.769230769230769,
      "z_mean_last_digit": 0.4779521193992431,
      "p_mean_last_digit": 0.6326842842826326,
      "round_digit_fraction": 0.2692307692307692,
      "z_round_digits": 0.8825226081218278,
      "p_round_digits": 0.3774942593863446,
      "verdict": "CONFORME"
    },
    "Belmont": {
      "n": 26,
      "observed_counts": [
        2,
        2,
        2,
        2,
        5,
        2,
        7,
        1,
        2,
        1
      ],
      "expected_count_per_digit": 2.6,
      "chi2": 12.461538461538462,
      "chi2_p_value": 0.1885222423609903,
      "mean_last_digit": 4.461538461538462,
      "z_mean_last_digit": -0.06827887419989165,
      "p_mean_last_digit": 0.9455636408227581,
      "round_digit_fraction": 0.15384615384615385,
      "z_round_digits": -0.5883484054145521,
      "p_round_digits": 0.5562984612747348,
      "verdict": "CONFORME"
    },
    "Sánchez": {
      "n": 26,
      "observed_counts": [
        3,
        3,
        6,
        1,
        2,
        4,
        4,
        0,
        1,
        2
      ],
      "expected_count_per_digit": 2.6,
      "chi2": 10.923076923076922,
      "chi2_p_value": 0.28101851776997044,
      "mean_last_digit": 3.6923076923076925,
      "z_mean_last_digit": -1.4338563581977293,
      "p_mean_last_digit": 0.15161325810624038,
      "round_digit_fraction": 0.2692307692307692,
      "z_round_digits": 0.8825226081218278,
      "p_round_digits": 0.3774942593863446,
      "verdict": "CONFORME"
    }
  },
  "pooled_all_candidates": {
    "n": 130,
    "observed_counts": [
      9,
      11,
      15,
      13,
      16,
      15,
      22,
      7,
      10,
      12
    ],
    "expected_count_per_digit": 13.0,
    "chi2": 12.615384615384615,
    "chi2_p_value": 0.1807957688628885,
    "mean_last_digit": 4.523076923076923,
    "z_mean_last_digit": 0.09160572248286858,
    "p_mean_last_digit": 0.9270113046869171,
    "round_digit_fraction": 0.18461538461538463,
    "z_round_digits": -0.4385290096535146,
    "p_round_digits": 0.6610028456239787,
    "verdict": "CONFORME"
  },
  "finding": {
    "id": "M1",
    "severity": "INFO",
    "description": "Último dígito de vote counts regional conforme a uniforme",
    "suspects": [],
    "caveat": "n=26 por candidato, poder estadístico limitado. Un resultado 'CONFORME' no descarta manipulación a otras escalas (mesa, acta). Pedido formal de data mesa-a-mesa necesario."
  }
}