{
  "method": "Mebane 2006 / Beber-Scacco 2012 last-digit uniformity test",
  "granularity": "regional (26 departamentos Perú)",
  "sample_filter": "counts >= 10 (two digits minimum)",
  "significance": "alpha=0.05, bilateral",
  "candidates": {
    "Fujimori": {
      "n": 26,
      "observed_counts": [
        1,
        3,
        1,
        5,
        3,
        4,
        1,
        4,
        2,
        2
      ],
      "expected_count_per_digit": 2.6,
      "chi2": 7.0769230769230775,
      "chi2_p_value": 0.6291107547956798,
      "mean_last_digit": 4.615384615384615,
      "z_mean_last_digit": 0.20483662259967494,
      "p_mean_last_digit": 0.8376997729328615,
      "round_digit_fraction": 0.19230769230769232,
      "z_round_digits": -0.09805806756909201,
      "p_round_digits": 0.9218861842322925,
      "verdict": "CONFORME"
    },
    "López Aliaga (RLA)": {
      "n": 26,
      "observed_counts": [
        2,
        1,
        5,
        2,
        3,
        1,
        4,
        1,
        4,
        3
      ],
      "expected_count_per_digit": 2.6,
      "chi2": 7.076923076923077,
      "chi2_p_value": 0.6291107547956801,
      "mean_last_digit": 4.769230769230769,
      "z_mean_last_digit": 0.4779521193992431,
      "p_mean_last_digit": 0.6326842842826326,
      "round_digit_fraction": 0.11538461538461539,
      "z_round_digits": -1.0786387432600122,
      "p_round_digits": 0.2807488029481551,
      "verdict": "CONFORME"
    },
    "Nieto": {
      "n": 26,
      "observed_counts": [
        2,
        2,
        1,
        2,
        4,
        4,
        4,
        2,
        2,
        3
      ],
      "expected_count_per_digit": 2.6,
      "chi2": 3.9999999999999996,
      "chi2_p_value": 0.9114125268316792,
      "mean_last_digit": 4.884615384615385,
      "z_mean_last_digit": 0.6827887419989196,
      "p_mean_last_digit": 0.49474034453315996,
      "round_digit_fraction": 0.23076923076923078,
      "z_round_digits": 0.39223227027636803,
      "p_round_digits": 0.6948866023724733,
      "verdict": "CONFORME"
    },
    "Belmont": {
      "n": 26,
      "observed_counts": [
        2,
        3,
        2,
        2,
        2,
        3,
        7,
        0,
        3,
        2
      ],
      "expected_count_per_digit": 2.6,
      "chi2": 10.923076923076923,
      "chi2_p_value": 0.28101851776997044,
      "mean_last_digit": 4.615384615384615,
      "z_mean_last_digit": 0.20483662259967494,
      "p_mean_last_digit": 0.8376997729328615,
      "round_digit_fraction": 0.19230769230769232,
      "z_round_digits": -0.09805806756909201,
      "p_round_digits": 0.9218861842322925,
      "verdict": "CONFORME"
    },
    "Sánchez": {
      "n": 26,
      "observed_counts": [
        2,
        3,
        3,
        1,
        3,
        4,
        6,
        0,
        2,
        2
      ],
      "expected_count_per_digit": 2.6,
      "chi2": 9.384615384615383,
      "chi2_p_value": 0.40255446569153086,
      "mean_last_digit": 4.384615384615385,
      "z_mean_last_digit": -0.20483662259967494,
      "p_mean_last_digit": 0.8376997729328615,
      "round_digit_fraction": 0.23076923076923078,
      "z_round_digits": 0.39223227027636803,
      "p_round_digits": 0.6948866023724733,
      "verdict": "CONFORME"
    }
  },
  "pooled_all_candidates": {
    "n": 130,
    "observed_counts": [
      9,
      12,
      12,
      12,
      15,
      16,
      22,
      7,
      13,
      12
    ],
    "expected_count_per_digit": 13.0,
    "chi2": 11.538461538461538,
    "chi2_p_value": 0.2405960490696548,
    "mean_last_digit": 4.653846153846154,
    "z_mean_last_digit": 0.6107048165524608,
    "p_mean_last_digit": 0.5413950167793913,
    "round_digit_fraction": 0.19230769230769232,
    "z_round_digits": -0.2192645048267573,
    "p_round_digits": 0.8264440101673718,
    "verdict": "CONFORME"
  },
  "finding": {
    "id": "M1",
    "severity": "INFO",
    "description": "Último dígito de vote counts regional conforme a uniforme",
    "suspects": [],
    "caveat": "n=26 por candidato, poder estadístico limitado. Un resultado 'CONFORME' no descarta manipulación a otras escalas (mesa, acta). Pedido formal de data mesa-a-mesa necesario."
  }
}