{
  "capture_ts": "20260419T035056Z",
  "eleccion": 10,
  "n_mesas_con_timeline": 54640,
  "gap_t_c_s": {
    "p50": 169.0,
    "p95": 1753.0499999999956,
    "p99": 12134.570000000022,
    "max": 303477.0,
    "min": 27.0,
    "mean": 878.4296852122986
  },
  "jpp_pct_por_grupo": {
    "low_gap_lte_p50": 13.702,
    "high_gap_gt_p95": 16.866,
    "delta_pp": 3.164
  },
  "mannwhitney_jpp_pct_low_vs_high": {
    "u_statistic": 35858133.0,
    "p_value": 0.0005198031001053553,
    "n_low": 27350,
    "n_high": 2732,
    "interpretacion": "H0: misma distribucion JPP%; p<0.001 rechaza H0"
  },
  "por_departamento": {
    "01": {
      "n": 958,
      "gap_med": 258.5,
      "jpp_pct": 32.457777101535164
    },
    "02": {
      "n": 2721,
      "gap_med": 215.0,
      "jpp_pct": 13.082426679280983
    },
    "03": {
      "n": 1112,
      "gap_med": 177.0,
      "jpp_pct": 38.93837021795546
    },
    "04": {
      "n": 3949,
      "gap_med": 128.0,
      "jpp_pct": 9.922926384320805
    },
    "05": {
      "n": 1547,
      "gap_med": 210.0,
      "jpp_pct": 29.46668070323192
    },
    "06": {
      "n": 3332,
      "gap_med": 164.0,
      "jpp_pct": 38.950036778830835
    },
    "07": {
      "n": 3435,
      "gap_med": 149.0,
      "jpp_pct": 21.67750662381026
    },
    "08": {
      "n": 943,
      "gap_med": 221.0,
      "jpp_pct": 39.885734416763036
    },
    "09": {
      "n": 1824,
      "gap_med": 315.0,
      "jpp_pct": 26.493874975839066
    },
    "10": {
      "n": 2125,
      "gap_med": 171.0,
      "jpp_pct": 7.641782963960305
    },
    "11": {
      "n": 3241,
      "gap_med": 163.0,
      "jpp_pct": 11.699465782638992
    },
    "12": {
      "n": 4539,
      "gap_med": 169.0,
      "jpp_pct": 8.683338933422935
    },
    "13": {
      "n": 3018,
      "gap_med": 98.0,
      "jpp_pct": 10.029176424325623
    },
    "14": {
      "n": 4336,
      "gap_med": 207.5,
      "jpp_pct": 5.8929724287025795
    },
    "15": {
      "n": 1975,
      "gap_med": 241.0,
      "jpp_pct": 8.232504873854309
    },
    "16": {
      "n": 413,
      "gap_med": 375.0,
      "jpp_pct": 22.48395609668326
    },
    "17": {
      "n": 532,
      "gap_med": 147.0,
      "jpp_pct": 12.431394330794648
    },
    "18": {
      "n": 690,
      "gap_med": 263.5,
      "jpp_pct": 18.219976604508055
    },
    "19": {
      "n": 4369,
      "gap_med": 149.0,
      "jpp_pct": 10.199008687888652
    },
    "20": {
      "n": 2954,
      "gap_med": 150.0,
      "jpp_pct": 23.81896803417888
    },
    "21": {
      "n": 2113,
      "gap_med": 194.0,
      "jpp_pct": 22.103800235565554
    },
    "22": {
      "n": 900,
      "gap_med": 106.0,
      "jpp_pct": 11.52775965127509
    },
    "23": {
      "n": 554,
      "gap_med": 126.5,
      "jpp_pct": 6.876664165064613
    },
    "24": {
      "n": 63,
      "gap_med": 264.0,
      "jpp_pct": 4.051850644056742
    },
    "25": {
      "n": 1279,
      "gap_med": 149.0,
      "jpp_pct": 12.365981373727319
    },
    "91": {
      "n": 4,
      "gap_med": 119.0,
      "jpp_pct": 0.0
    },
    "92": {
      "n": 1026,
      "gap_med": 354.5,
      "jpp_pct": 2.829581993569132
    },
    "93": {
      "n": 73,
      "gap_med": 209.0,
      "jpp_pct": 0.5160645913101382
    },
    "94": {
      "n": 600,
      "gap_med": 237.5,
      "jpp_pct": 2.291295344260944
    },
    "95": {
      "n": 15,
      "gap_med": 1872.0,
      "jpp_pct": 0.8306709265175719
    }
  }
}